Instance,Predicted Class,Predicted Probability (Class 1),Age,Gender,EducationLevel,ExperienceYears,PreviousCompanies,DistanceFromCompany,InterviewScore,SkillScore,PersonalityScore,RecruitmentStrategy
0,0,0.06,-0.009853078506199073,-0.0021700718911694537,-0.053818219182525946,0.053436318919322906,0.00013170806713225445,-0.007340784962421676,-0.03024930640162954,0.06725340593646277,-0.07823699655115492,-0.19344464209448414
1,0,0.19,0.013014726610449574,0.0025894181989014374,-0.07753903878461964,0.040625588566350374,0.027541207933142763,0.00208896007275695,0.02062853458573985,-0.07600437788157272,0.08195866441900522,-0.15919535038682067
2,1,0.63,-0.02855340182459035,0.0012309978772726347,0.21078509196715725,0.04797848954477434,0.02448505026927934,-0.004322233786128624,0.17840326423642922,0.13068283155559202,-0.09179851024115705,-0.1531832462652961
3,0,0.0,-0.009422924006406114,0.0027664042204551425,-0.05108918725718263,0.0005148768649575237,-0.019048621044784032,-0.01377395390266084,-0.049788908987529204,-0.06578176953311675,0.04449846304191656,-0.15316604606231657
4,0,0.11,0.03261326991608964,-0.0056236726502972055,-0.03547155532828956,-0.03714820681341963,-0.011475370357193135,0.0019203262220535296,-0.047265197755875475,-0.05466056554632593,0.06903168946123389,-0.11621238381464259
5,0,0.03,0.004949979518435394,-0.0015287606040343487,-0.06286761878719796,0.02232405147286603,0.011422292199969597,-0.011249424979849201,-0.03703290749651196,0.015516698351829651,-0.05785154198492929,-0.1679744343572454
6,0,0.17,0.0033773872315506865,-0.0056913810167643665,-0.043214086930573166,-0.056161462610917465,0.0005100078080455885,0.02381124075088607,0.0882924110800565,0.06307350181991823,-0.06148786344766138,-0.1568014213512073
7,0,0.05,-0.00032919166436623813,-0.0025837907578164262,-0.029695803628426977,-0.054923094637182465,-0.009835856911800911,-0.014221561839141365,-0.04073036279775844,-0.04346071612822786,0.06408055511611628,-0.1325918434180621
8,0,0.11,-0.00992536590012464,-0.0029946131749535084,-0.04235895180865073,0.054187608206166665,0.0177446415206032,0.01151962354185567,-0.03158165913123049,0.023782111977175772,-0.04799735526277317,-0.17666770663473585
9,0,0.13,-0.014691679923450433,0.002016282168246378,-0.07546490527562309,-0.10059555164075715,0.018897602754169726,0.009890055929860453,-0.05917559642894886,-0.11892334072016446,-0.08221649075353374,0.2359719572235353
10,0,0.22,-0.009269596014587623,-0.007873236046785264,-0.05262366704096641,-0.08962104149605099,0.008735169114346228,0.024713419057294444,0.11277756841996776,-0.05062860564242866,0.1053138062200755,-0.13581548323753148
11,0,0.0,-0.009519412078823149,-0.0029107640652780075,-0.04757861132624529,0.01996112171322924,-0.017615689891975286,0.005138558118926673,-0.036612245779827815,-0.058169899891974124,-0.046692894498197426,-0.12029182896650119
12,0,0.03,-0.012857902729185624,0.0013911026466752558,-0.058707691990661434,-0.03515987897605325,-0.014788834277484588,0.0011439732988142628,-0.0026265596096777437,0.043709586429074375,-0.054980084377369995,-0.15141537708079814
13,1,0.95,0.021330952334156033,0.0017732100094939919,-0.061697683219939244,0.04908365246684381,0.02719079316465001,-0.00125266348461873,0.04730588292909586,0.13386635144826395,-0.036301072117820216,0.45440890980320664
14,1,0.84,-0.01183316898755786,0.0007993445084720464,0.11507127272707006,-0.09660741827814864,-0.012924974442662555,-0.012219101768125065,0.1243614794110932,0.12255327769669505,-0.0459175078778191,0.3424251303443178
15,1,0.93,-0.004606641095627756,-0.0004554865890934008,0.2337035774273763,0.10764521482090106,0.013588790917409683,0.011931826087320727,-0.04363637096622654,-0.08733260170262698,-0.051468070704492004,0.43633809513839283
16,0,0.06,-0.01000837251982103,-0.004213093874534629,-0.05635594149222369,0.049372885550573294,-0.004717148014469427,-0.00853752453660834,-0.03665047363736372,0.06838001716963917,-0.059334509847691314,-0.19222750546416678
17,0,0.07,-0.0015840103993616163,0.001766245455688567,-0.05064691097880548,0.03939711189723813,-0.011333838013635852,-0.0025829420407893324,-0.05095519549877315,-0.06311771878553515,0.05942659448965396,-0.16466100279234658
18,0,0.09,0.008892570709793391,0.00019308787871146282,-0.11548277824255694,0.03907681821317833,-0.007920191528760626,0.006806290579352863,-0.08485141941411864,0.04281761231744326,0.06779290622333903,-0.18161656340304858
19,0,0.11,-0.007856937818463494,-0.0033178973053860856,-0.03251503247605598,0.0533332119621249,-0.012576250507792259,0.01585253464682301,-0.03759966092105145,-0.022269039411964276,-0.03231693517196043,-0.1250256596629407
20,1,0.9,0.0009299167684859666,0.0025626295782335638,0.09536970477278886,0.071418572334255,0.009493925248641602,-0.03562239758837213,-0.03957144043368652,0.03898904192566154,0.09342106562794358,0.34871731509938203
21,0,0.12,-0.011506334556130121,0.0024578131935547834,-0.044260819757498335,-0.04362482003223311,0.023030634178632815,0.011156383366469484,-0.023224690098266002,-0.028814570660006717,0.05006908065592271,-0.12957434295711165
22,1,0.92,0.031265837300727885,0.0006343204740785379,-0.04623468779524896,0.10664274236483708,-0.003632141756435177,0.003401368795810165,-0.03166571833062756,0.15941166702422851,-0.05208135922653695,0.4379663044824983
23,0,0.13,-0.01614383192007462,-0.0011917557135761277,-0.09685409826970431,0.043353364832288466,-0.004063163916059602,0.01773163469441518,-0.0745648490539923,0.08193307992438602,0.05735373556466829,-0.1918457828090175
24,0,0.19,0.00035256046479758006,-0.0015030428340680419,0.1389829385152269,0.06469488674931605,-0.00070028127036879,-0.017635003386549643,-0.08314609475295802,0.08696696406633782,-0.11559770012063525,-0.19670689409776485
25,0,0.1,-0.008188995270263738,0.0035142539888992083,-0.051744659723703075,-0.08866549219590861,-0.008350921266112105,0.008891779116120093,-0.04695842373351253,0.07823556867606957,0.0755513996532312,-0.17657617591148692
26,0,0.08,-0.002990910714009828,0.001273696664903488,-0.059580202080650096,0.050518292309570174,0.005291952406069785,0.016631456730184527,-0.040743623278285276,0.04378548681684952,-0.06511008329185931,-0.18336773222943958
27,0,0.04,0.006283321367549806,0.0027627523513863938,-0.0383827803165124,0.03321118849831934,-0.02064461087761744,-0.00909635605555518,-0.041759260150763075,0.009516476993213287,-0.04539907940615077,-0.17078331907053707
28,0,0.07,-0.005880588270801559,0.0004904567048725695,0.1214383659018337,0.03151431837616314,0.008353743185403087,0.004100214216676485,-0.06445837858053217,-0.07366828920594518,-0.08615914264929923,-0.1800223663450374
29,0,0.2,-0.013960274547309151,0.0031396203657692153,0.10896671527476659,-0.1795272884683183,0.0006103791134211905,-0.020430652549101952,-0.06126483595288815,-0.11975240934852584,-0.07603948775405747,0.24396656719957707
30,0,0.11,-0.01368542503526717,-0.0005101037166659529,-0.10070755352683133,0.04573518119245208,-0.006407920852310803,-0.001228620153468018,-0.06701844329340072,0.05640499326720262,0.08586203506524683,-0.20273580961362417
31,0,0.01,0.004044720319596679,-0.0003306245518938211,-0.04073997386396612,0.021651643276915756,-0.014241020740818218,0.0038022731578912154,-0.03810425282279618,-0.07117336913385529,-0.04063396643532576,-0.12856709587241483
32,0,0.17,-0.003498597846294328,-0.0023533914525968548,-0.08744084697589873,0.04603536581249805,0.01599489044346489,-0.0014428049332652609,-0.08767451836124347,0.07705934759639954,0.09119808387799351,-0.1921691948277246
33,0,0.04,0.005325397781932271,0.0013782358786749228,-0.03218906835703887,-0.05563980487476319,-0.008359578395879386,-0.007078007239058494,-0.03451139675448081,0.05851486048388544,-0.05151105986697298,-0.15022124532296569
34,1,0.89,0.00021495432375323752,0.0004939029284748516,0.13007793780416335,0.031238190383783275,0.0007591898879854098,0.0016499163341946073,-0.05405096997465522,0.10237692604420452,-0.053748646974151125,0.41669693257558166
35,0,0.13,0.03991763483514155,0.006857460277737145,-0.043960423896546336,-0.007189519451157904,-0.013225860504767798,0.015874240446192536,-0.03312282294509293,-0.062400677702211284,0.06156991534462927,-0.1486116130705908
36,0,0.17,-0.013549745618481013,0.004992490605457139,-0.04431893208005216,0.029008355522911762,0.01897727231401426,0.025269111802178133,-0.04805468028380437,-0.03785318588468586,0.06933718981995403,-0.14809954286415844
37,0,0.06,-0.01877389668181485,0.0002077565737436206,0.057823586467815005,-0.05625297449708514,0.008927476350537672,0.0069637271863051626,-0.030434258004582607,-0.07751587151367545,-0.03842400052811413,-0.1068132120197962
38,1,0.95,-0.009973901692256995,-0.0014237979311564066,-0.04511558430365864,0.08091649943146227,0.013673598853026365,0.011812555097813239,-0.03307945113437896,0.08854250403258102,0.07350158125593216,0.4568543297239706
39,0,0.03,-0.0030975101493374976,-0.004813379906520541,-0.035855662178085126,-0.05639976078112818,-0.011104359574337416,-0.007966885687418677,-0.03491168087242713,-0.05155318946522655,0.053593452934480076,-0.13218269098666569
40,0,0.36,-0.0008706731333949952,0.005594640105520013,0.14529727960625693,0.04952549674758589,0.012144717110784152,0.022758959781135846,-0.06011065633860929,0.1360446951116731,-0.08894329765676058,-0.17573282800085802
41,0,0.14,-0.006073631226260067,0.00476422791750692,-0.028111130919228223,-0.050380067662148774,-0.01271425992369713,0.052689453358078724,-0.025839893040390725,0.05165660323168039,-0.02256447733002231,-0.1377184910721854
42,1,0.78,0.02465255430193827,0.0005335673470947642,-0.049025289556677364,0.026091241945180844,-0.025489770438269818,0.0011987461946148569,0.09343166040703754,0.04561001951942015,-0.06898422936930323,0.41768983298229734
43,0,0.22,-0.0007771434225050202,-0.0033216700005214953,-0.08247747580885617,0.023818821403899036,-0.003941713594582893,-0.006163902027777503,-0.06340512160327234,0.08055271189767119,0.12604265400941947,-0.16461882752014048
44,0,0.48,0.006825312570427973,-0.0015900526605875293,0.11429390250366721,-0.1578399909048675,-0.01980196639900262,0.0002837535008831831,-0.08669721765529116,0.05183607152421383,-0.08073529286475632,0.33913381371864626
45,0,0.0,-0.00803981200273081,0.0014459934195157848,-0.04334304975679185,-0.045717341675451315,-0.006188058768341616,-0.012403419020208774,-0.046929259250120654,-0.062029436777863795,0.043852420360757774,-0.13493970319543114
46,0,0.25,0.04344249845396321,0.0007007989595350664,0.09301264950354991,-0.11109894861914874,0.012011036711423648,-0.020371603681237825,-0.0543038249498683,0.0530262905605297,0.06879068485357467,-0.14950124845898735
47,0,0.17,-0.0030620910115817276,0.0016549183228246947,-0.04118732929361407,-0.03145465335115252,0.01323728068248424,0.0009376681571778566,0.06804203222021749,0.07996012869254707,-0.06811025716500796,-0.16430936392056142
48,0,0.42,0.0012599666417876512,-0.002377069939028564,-0.07667800113603011,0.025431073128753947,0.00929098773906572,-0.04554240167433787,0.1519806329009048,0.07496379007448128,0.12670282065801067,-0.1593234650602747
49,0,0.31,-0.02365393627544234,0.003483409037162661,-0.07456042706151929,-0.1524092042190491,0.014299183487341023,-0.010385371787513302,-0.08076351697638408,0.11656750008149437,-0.10160028934798662,0.304730986395231
50,1,0.87,0.002577534558958822,0.0014446967846787177,-0.035950902053646455,0.023327317392288993,0.02958647124961375,-0.004538652484782621,0.03072696366799223,0.029043803908399234,0.07743696795684159,0.4020541323529885
51,0,0.04,-0.010244203197423233,0.0027687939589912374,0.06672185880440629,-0.09254864936906188,-0.008779720335074072,-0.008644026075879154,-0.05413343817086312,-0.07837326945715262,0.057996169796303156,-0.1490551826209127
52,0,0.19,-0.002104281778232447,0.002695238455604411,0.16523613970342987,0.040706931121569694,0.003723284236175105,-0.019908894368547553,-0.08297516981271792,0.07343554397646528,-0.10623940101767602,-0.19886105718273644
53,0,0.01,-0.00940213302537947,-0.0015800383339338103,-0.05459757192446549,0.012369455822066949,-0.015936177807483458,-0.003931106542757822,-0.04762169563905229,0.04035503282430904,-0.04826836084609333,-0.1756790711938773
54,1,0.76,-0.015845261984998058,-0.00790395846215867,-0.04294721376361767,-0.12076691558861796,0.013088129187268966,-0.002478608782801786,-0.05388187881631942,0.1447661000865397,0.1206372141657643,0.41104072729227387
55,1,0.76,0.003467846097093574,0.0019458879329271696,0.1381462805207722,-0.11173043408863133,0.010555710451010843,0.008885781159442446,0.12698600722067996,-0.02352838890359949,-0.04248123412898154,0.33346087707261957
56,0,0.02,0.005435896802351513,-0.00787153732958426,-0.0578664608784994,0.023995101588959806,0.01074116370415043,-0.013261294725454141,-0.050402032588699686,0.048268854671419545,-0.06423224032713315,-0.18909911758417802
57,0,0.48,-5.323311828167533e-05,0.00828253084552413,-0.0755193072747678,-0.06365378916184053,0.019035179340727626,-0.018110840529172348,-0.004289644594917383,-0.08657083097976585,0.1065774452862885,0.28001082351953743
58,0,0.06,-0.0111497604909494,-0.0016471925944773667,-0.041465503937982685,0.03747168149628773,-0.009885319371294391,0.01877710523392889,-0.044378127888595416,-0.053007362535385655,-0.02868471272869354,-0.12032247384950456
59,0,0.25,0.006655231310692,-0.002468183966222012,0.1480245557051474,0.057234009533110655,0.008030530388807062,-0.004614757506504185,-0.07533149242952016,0.10851151279664914,-0.1276856070347563,-0.18264746546407062
60,0,0.16,0.0014613951366139043,-0.0045621812320680655,0.12126802455982401,0.0488061079549077,-0.0022419918071269035,-0.012781765609574981,-0.07946955690531825,0.09310531738089091,-0.12580001929954315,-0.19407699684527144
61,0,0.12,-0.0026939625564141494,0.0052579613928966755,-0.05260689718654732,0.01848627862827357,0.02614373276459518,0.029637555810860458,0.034719765331651296,-0.0632645324708361,-0.07167284584335654,-0.11829872253778995
62,0,0.03,-0.00835612991112837,-0.0014100158196820882,-0.053221010845420406,0.036289882924644225,-0.022676573324527174,-0.006117540725103387,-0.03908165916508489,0.013009886111855358,-0.041669438308789344,-0.1610590676034308
63,0,0.13,-0.008963494082316708,0.005542689672957365,-0.043626853694174385,0.01915615676582525,-0.005154834895585397,0.031957597758704055,-0.0509784897119165,-0.04867013805975764,0.08061849040695045,-0.16417279082735348
64,0,0.28,0.0055942462553480775,-0.0018007687998592582,-0.09113016251155766,0.07289948743162138,0.02262308990337609,-0.004571213851591955,-0.0652057471600497,-0.17116664923946426,-0.10554430699267042,0.30401035829818174
65,1,0.77,-0.009683335167401018,0.0001497971958814011,-0.042880913511621245,0.08214883675381554,-0.015110285063578914,7.550927081546365e-05,-0.0467698287706659,-0.1057865260094147,0.18529257360676252,0.4082725050287392
66,0,0.01,-0.010772071552652529,-0.000599609216713446,-0.0413603557935362,-0.056379231107613094,-0.0059238291021915255,-0.007114893158854023,-0.04220273308815202,-0.06727121324576939,0.03492790771851592,-0.10759563811970001
67,0,0.11,-0.011672523068041304,0.0007584787739046311,-0.09055426874406952,0.026253137398819792,0.021857244591127846,-0.00552921367873519,0.06727441270766364,0.06991895653631434,-0.08902226549925757,-0.19357562568439324
68,0,0.07,0.006038795705761373,-0.0004118868405226364,-0.05443173548620493,0.037282644969157265,-0.006848400524943091,-0.016483313251173574,-0.03312109760536995,0.07383348406917851,-0.051886374468395245,-0.19826378323415444
69,0,0.05,-0.014231983089502045,0.0020427398557575365,-0.03529209175925183,-0.05110946668034619,0.01880332303609965,-0.018173914669292544,-0.032275592705660466,0.047649349999158944,-0.04832444863863127,-0.1333795820149981
70,0,0.23,0.016341819603858446,0.000842062322096352,0.15832124538014625,-0.1814281629866251,-0.003235194759641961,-0.009765618690214684,-0.05587456493870492,0.07150323537851735,0.07879042638607643,-0.15978691436217488
71,0,0.09,-0.02088086113282408,0.005213561376836058,-0.0783986927452205,-0.10057195125830382,0.008372392953013733,-0.0016170873984220392,-0.08496074091355477,-0.0989244294599813,-0.08255828842893273,0.23003443034072354
72,1,0.63,-0.01128952725962725,-0.004065547867197387,0.08678785973456513,-0.11452994846542802,0.005033413286803779,-0.021501043423406915,0.14878353130349112,-0.13640583999059633,0.06450918595487183,0.298386250059858
73,0,0.36,0.010407042802911968,-0.0009545849345294678,0.07821003613417438,-0.1625222312048232,0.0032186766881278444,0.013121097119196472,-0.0041140495372185585,-0.1332524433552685,-0.0565136966605626,0.2981084862813251
74,0,0.38,0.00933378643429427,0.009057760382072587,0.05784098472495336,-0.11548076098433571,-0.007088022543760186,0.044402477490984915,0.16651478180802542,-0.0734932618220118,0.11496201519034888,-0.1403414273472377
75,0,0.02,-0.008558229639188652,0.0003413222368626327,0.06691327680750024,-0.038380849799806833,-0.009889845514581554,0.002068311096924049,-0.04996830912584003,-0.08278269873330092,-0.03919970631658844,-0.1348349376786475
76,0,0.22,0.10034949153730116,-0.0017274972137092095,-0.03503049710915752,0.03724331062429324,0.020397461476362417,0.003936429525537508,-0.037958635297135244,0.031562620816237806,-0.05016702967902835,-0.16289732134736834
77,0,0.1,-0.005727904980978531,0.0005839499640232702,-0.06154917037572047,-0.04776295154054079,-0.011800281500070313,0.0010129329838152585,0.030345896739117584,0.05754438892385382,-0.014848713140022196,-0.16208981374014408
78,0,0.37,0.058559850506136095,0.003400849920987892,0.11753682632676232,-0.004144395499447229,0.02641846164429114,0.04375459867408641,-0.05819129261294567,-0.0985449827244778,0.10522433584828088,-0.13830591875034004
79,0,0.14,-0.008233753399030845,-0.003913720682476304,-0.06368665129259113,-0.07128589800456958,-0.008654454907049244,0.016512305132014994,-0.05243870974807811,0.07152783869127279,0.08389904366161188,-0.13801766611777094
80,0,0.1,-0.006153899614008974,0.0027684642716550023,-0.0589390263635638,-0.04681388765325878,-0.008453619693089378,0.0027130701951043027,-0.05761548174025211,0.0865138019058118,0.06084602564622151,-0.1891571136212862
81,0,0.06,-0.01174602829452305,0.0010699392663001284,-0.05005422960359125,-0.03731016565652484,0.015444820027253475,-0.010283774586010905,0.09187767130318766,-0.05748031535280112,-0.05789446565117468,-0.1379151181187826
82,0,0.24,0.07731378538049588,-0.0002801622557929646,-0.037426851188718045,-0.014388208822857637,0.011145060445277336,-0.013669690209674385,-0.0012692249669117215,0.08057829170628915,-0.053280102721752855,-0.12301456403302162
83,0,0.19,-0.003889628289882686,-0.0009135882101176603,0.11984845461854211,0.06524008422653484,0.0008422489641832127,-0.004541870107646074,-0.08053063018001254,0.09530073800804956,-0.12894184021065808,-0.18670563548565955
84,1,0.83,-0.005114813133025513,0.004724047474480495,0.2256765044917638,0.0795445688393872,0.001959473631414924,0.013216223161122753,-0.046920680979458215,0.1849034112230616,0.17402468695754209,-0.11630508833295564
85,1,0.79,-0.012953399201191358,-0.0008884875217664071,-0.045653092648114756,-0.07501255677705057,-0.017947463584176388,-0.004155546486264985,0.13922581091674077,0.1434840456757533,-0.05911901410002404,0.4087280370594277
86,0,0.24,0.02736041606756572,-0.005559054003914975,0.16313776080873932,0.02929900446237768,-0.011707054233215778,0.010928078152155183,-0.049053431045055114,-0.09033488971160657,-0.019807763497744192,-0.1285547336659674
87,0,0.06,-0.00961390327527735,-0.0006597243903929996,-0.07560063526252915,0.04170118445577342,-0.016670890823389906,-0.004511896823866915,0.10439768036703494,-0.019310368251792154,-0.09359008558499603,-0.1804330270772307
88,0,0.13,-0.0039312829747114855,0.0033026365921476402,-0.11078352213879021,0.03811504997034604,0.01710429338713651,0.005754245576053597,-0.1000190576897009,0.06817340371304406,0.07881364014094816,-0.18082107324313978
89,1,0.92,-0.004364168304249555,0.001900281351517771,-0.04608864794506852,0.06673078937991425,0.01304693005690449,-0.0024397426844232446,0.10045661460504379,0.1115085247033948,-0.05549109285185705,0.42044884502215696
90,0,0.21,0.0013926269231136156,-0.0018407615597408418,-0.0792255758977905,-0.15422664216920215,0.006148823568291155,-0.012317388031824947,-0.0639046234850586,-0.09576792109328684,0.0592462627260137,0.2362035323528189
91,0,0.09,-0.006990060712137565,-0.004022900177284714,-0.11036232988429384,0.033906943453964854,0.002299161558002155,-0.008587345108130019,-0.0745491474065824,0.07535546048071545,0.07325594337595218,-0.2045973922468726
92,1,0.89,-0.007519441602997987,0.0021169683282360355,0.13737499181519447,-0.05504066709308591,0.0015845672017288,0.005729680584728447,-0.027773345508206808,0.04702180060610877,0.09579374748631256,0.37642003151531545
93,1,0.89,0.009167598079860112,0.0020082646230541006,0.09174076671759067,0.08701818800028836,0.010476788410945135,0.006175742261101418,-0.03162717832203035,-0.11840595208662959,0.09237514200897172,0.42677897364018086
94,0,0.07,-0.007273404463019689,0.0006521413146675524,-0.07995562469495898,0.04134466344922727,-0.003174547005910751,-0.010526021268723033,0.08441888557112388,0.056418720696494375,-0.13018351743574405,-0.1960129628298231
95,1,0.92,-0.004719905921561928,-0.00038060295545504127,-0.04471975886923406,0.07886483358786632,-0.007656156504808446,0.005875051863497198,0.0890658091572251,0.09245227152652973,-0.05772708302203592,0.45465387447130995
96,1,0.78,-0.0038257652944220844,0.007647750520068136,0.24289649795670853,0.0863749035018876,0.010412809233765323,0.010020849495854802,-0.06180918654181057,0.17206549942467878,0.14385104833102016,-0.14192607329441842
97,1,0.71,-0.008369844983569706,-0.008395524805213628,-0.06998495734607511,-0.11908722189378569,0.016097196964036282,0.0022343778780177658,0.13245240141130923,0.010484123472031428,0.09335691360044562,0.34692086903613706
98,0,0.1,-0.01579016145493647,-0.003848980101122735,-0.05443539068309817,0.033633825456671276,0.020594281879260514,0.00940772864868328,-0.07096631849258941,-0.054964231125688094,0.08422737633885145,-0.16214979713269811
99,1,0.83,0.017006295329255725,-0.00017286579253229637,-0.07410620382778627,0.13164051784456637,-0.008041907952298198,0.0022875538931511267,-0.0261602543710854,-0.08894571068634621,0.15045698523828335,0.411743923658124
100,0,0.24,-0.01644230114035253,-0.0011344052619645165,-0.04200245799495096,0.03269971655641474,0.03597237204808141,0.06514152442597507,-0.039085270418471096,-0.0471388501389705,0.08876353813900423,-0.15106553288143207
101,0,0.05,-0.013954576694303696,0.0013128920105879903,-0.05316489792642788,-0.038411126790565776,0.014885505696658707,-0.013134811266000525,0.00865899896669032,0.057757725372194285,-0.06912091047302162,-0.15912046556247839
102,0,0.23,0.00845922620885878,0.0012109500051998522,0.12527612244561193,0.05510234802407536,-0.027424631521277512,0.012887719447419128,-0.06067074109054049,0.07180248630748441,-0.0929031115883044,-0.17803203490519248
103,0,0.07,-0.011500112541915844,-0.004454407032865705,-0.04226672382172208,-0.07144291379470259,-0.007042950697966096,-0.0021041694480977056,0.08228957735804542,0.06282447998628421,-0.06978917024267983,-0.1808052764310471
104,1,0.94,-0.0002176697735477282,-0.00029707001550525103,0.11252399588067448,0.09669781032901971,0.011792621416990346,0.0030006848523571393,-0.043886631997880565,-0.0665212752227047,0.08453731657718508,0.42807855128674366
105,1,0.71,-0.01921942733652719,0.001407857801101289,-0.08257587534800548,0.0020139344040412586,-0.0407999888075129,0.0022566788006558734,0.030922887110657434,0.13321732562114227,-0.053666651598321215,0.42215159268610025
106,1,0.88,-0.007179801809874406,0.003578835262240382,-0.05493879908871763,0.07325829866192511,0.005818147526989084,0.0033353754353760666,-0.06621385473567495,0.07059571682854231,0.09148740953641024,0.4459670057161176
107,0,0.02,-0.004228638312853004,-0.0009130540670069472,-0.038770991463019294,-0.03708858615036448,0.014362778365965579,-0.006573077152048222,-0.03856706174100748,-0.02058886801367768,-0.03949103783092533,-0.12243313030173007
108,0,0.23,0.002136748518370057,0.012002063771856404,-0.03697667333195412,0.05395233583491782,-0.02204922351940274,0.02683253220572445,-0.06569216518597464,-0.019475016012650302,0.10964389357617751,-0.14466616252373143
109,0,0.23,-0.012766812214569238,0.0033494029612923,-0.052736454352477806,-0.10753032043145665,-0.007662260055139015,0.011599060336393923,0.061473145709833636,-0.14792655302859278,-0.08437573362310397,0.25228485803115325
110,0,0.05,-0.019120232585480845,0.003206218524620469,-0.035758202241202824,0.02390486192309086,0.01226176625722741,0.023267106264101865,-0.045238556191728806,-0.05329904579864774,-0.04958953051246347,-0.12392605230618337
111,0,0.0,-0.0021757468941758654,-7.496852477065021e-05,0.06348601980932383,-0.040941744630223084,-0.017050034967589882,-0.007052585860341715,-0.05102794526287255,-0.05989397626153051,-0.04547655840370721,-0.1540841256707793
112,0,0.17,-0.013932409148136444,-0.0008398104087112137,0.08301190206307496,-0.08511983020531347,0.011570915841984438,0.00369145301636432,-0.05257002427246856,0.09370153373285127,0.0032971227610339928,-0.18710252004734587
113,0,0.3,0.03626300002949271,0.015262714262063817,-0.015306012184718724,-0.03128355038075049,-0.014962811708250956,0.04525240965401233,-0.054123927051028746,0.0018541669931230345,0.1042118490530747,-0.1014595053336846
114,0,0.03,-0.009515732183339638,7.436688524880561e-05,-0.05141999947538144,0.0003709961643896835,-0.0005571641301192717,-0.02006078401545542,0.08665065723426806,-0.07034647879667526,-0.07224381081203156,-0.147243717537571
115,0,0.44,0.010983003378916768,0.00011501228950849198,0.13839060923471078,0.07388089152483154,0.014876250821486234,0.03715324030749522,0.17249967516225512,-0.09818082583089435,-0.08716740712866565,-0.13684211642631144
116,0,0.05,0.006990441031230773,-0.0002696477051375323,-0.055750027761760024,0.020207131666815863,0.017696315212150645,0.0027206248347979695,-0.038157872615625116,0.02682181731514886,-0.05764168182096367,-0.18690876682332502
117,0,0.07,-0.00027528489969140746,0.0060255696010599975,-0.0676640240385887,0.023299173467260383,0.011635763171835905,0.005947694563476625,-0.0333037948404947,0.05312636684890182,-0.06647930528872857,-0.17660382525169785
118,1,0.7,0.007097813347318999,-0.008056968717006485,-0.03146725256189324,-0.09459678001174528,0.005682580655901786,-0.01969471845173869,-0.04544412820578768,0.0849753528143577,0.12591969702144173,0.36129273744248375
119,1,0.95,-0.01506175374941768,-0.0010039327119291668,0.11189189031496435,0.06224719617073816,-0.021168078848433743,0.006804893447290352,0.08726086555992953,0.07755320562733167,0.07363203775708689,0.253552009765771
120,1,0.88,-0.003229899055628284,-0.002489649570561021,-0.06370303415058909,0.07149344743173228,-0.012205865400396141,0.010200409198881684,0.11179797473656708,0.08413531783153522,-0.04966503552926419,0.41937466784105537
121,1,0.51,-0.0008168274131639843,-0.0035537788071927433,-0.06922540069924955,0.08662260441217279,0.008515619689320308,-0.025645440394615398,-0.06491837846647089,-0.03199480614838877,-0.07230125202304392,0.369025993183966
122,1,0.9,0.00860223326765373,0.004158405252983093,-0.06498323307861524,0.08730318995880455,0.01759292134937408,0.0065776680997693135,-0.031931387508910405,0.1606017657422785,-0.036436478895157304,0.4342232491451531
123,0,0.08,-0.003677810146271545,-0.0004987121062801297,0.07185520309081311,-0.02116206412939873,-0.007866607139269045,0.001189216386819054,-0.022678134197321186,-0.08335300776579858,-0.03393941029733936,-0.13416034036262056
124,0,0.07,-0.012126555967344362,0.001292197128673692,-0.028779225732089877,-0.047798419117852264,0.01889721288329043,-0.016754999243317407,-0.014267632022647586,-0.025262457006772192,-0.03519539587687654,-0.08429639171173045
125,0,0.27,0.00873434052586342,-0.005380902195666591,-0.055450709068499915,-0.16840628759955611,-0.007021614999115942,-0.023518406127998773,-0.08161449963906274,0.09550451961766784,-0.11024206288455313,0.30310395570425563
126,0,0.15,-0.0066141162163932425,-0.005770713541104579,-0.05205151726102397,0.04129330866855149,0.02002457203108299,0.0035175633073624432,-0.03715113521132267,-0.06112892907556595,0.0938419953320663,-0.1602526947003197
127,0,0.02,4.604787583890078e-05,0.0037132099132635324,-0.03954323763281018,0.024705707527232373,-0.010002164256671036,-0.007909271302913436,-0.0345686719340001,-0.05475942103287251,-0.04685506023139155,-0.12911880559234284
128,0,0.05,-0.011374923477840956,-0.0010733432447152355,-0.03969772845284495,-0.048086833094756296,-0.011938072211856358,-0.009481483409486399,-0.02852987300337466,0.06663197592789483,-0.03066570875779033,-0.15007567694189602
129,1,1.0,0.004958143363547838,0.0018851868875246688,0.10546347659738807,0.08938401353624144,0.0025813324702303325,0.004616919441298951,-0.03326362528194974,0.11630380909740329,-0.062101470054665216,0.45588054727631355
130,0,0.18,-0.013003837183638152,0.0023729452521726838,0.1457360839368362,-0.07312710959730924,-0.006701583360310347,-0.015511585334359848,-0.009333429511386198,-0.052674879860211674,0.0034734712666969476,-0.11552174227515666
131,0,0.34,-0.004298529950069873,-0.004394129738320216,-0.05882872031577414,-0.14593387271260935,0.0004960494590983416,-0.00413735564798538,-0.05996986083201847,-0.14932163927835557,0.13733470339742943,0.3147616889519382
132,0,0.2,0.007303415841158353,-0.002440585067160784,0.12799858127878544,0.038259847322040526,-0.015624906406170628,-0.011595396563894463,-0.05879578133045794,-0.12802673142476212,0.09516845115526654,-0.16653856147147128
133,0,0.22,-0.013598353935928271,-0.003060894211816127,0.11003911582228061,0.044159948697327235,0.02738417847393138,0.049644972816785655,-0.05559827947854396,-0.007706042005710005,-0.07340671667583998,-0.17214959616915304
134,0,0.28,-0.00598155574926654,0.0011905213920319175,-0.09789287213603931,0.07126667379806774,-0.011487797899980395,0.029255407512318025,-0.05721105362291056,-0.17147524309749784,-0.11228717849590701,0.32033143163251815
135,0,0.01,-0.012911299439207543,-0.001895098816771911,0.07493614501905307,0.02910193471280685,0.009928206802316928,-0.0132872825132388,-0.06346929625900283,-0.08620870250232411,-0.05973821893026537,-0.1807480547400329
136,0,0.33,-0.0005128679789917824,0.0045770240623240884,-0.10726153133301344,0.07457311501963691,0.0038295960010183107,0.017326732024253316,-0.05891506248572889,-0.14449636507573396,-0.10154804537684546,0.3281357384764145
137,0,0.43,-0.010825858369789719,-0.0074074417483738185,0.1808713888246027,-0.031002219638007526,-0.000743086906366197,-0.0032589800512704626,-0.07575615910599859,0.11560918429322474,0.11664450363217613,-0.16842299759686374
138,0,0.36,-0.006072853157623099,-0.0006967632966404106,0.12178406186828492,-0.21563208021003843,0.01615861443040294,0.0013792179201108064,0.08912934353857341,0.0868844490363402,0.1032874885115453,-0.15051314530762205
139,0,0.09,-0.009438666654687358,0.004522624619079321,-0.0937022377131796,0.0018460364450657493,0.013502102513084643,0.0035224099049239103,-0.07772637053051852,0.04946913240434313,0.07278336418894361,-0.18907006184372144
140,0,0.08,-0.0029632281084669707,-0.001898225275203763,0.09072609798933459,0.04718536756802232,-0.00015314963797568052,-0.013439207321154981,-0.08357508848926701,0.03019495617753402,-0.11078513278605354,-0.18958405678343512
141,0,0.09,-0.018340200145223487,-0.001186217577318802,0.06652951812520487,-0.032575625173530964,0.014490426534842005,-0.007863913795287742,-0.013329234777480903,-0.062300268599028465,-0.03910869181162129,-0.13060745944722207
142,0,0.18,-0.008579564999347545,-0.0009187871941217013,0.09490419800696814,-0.04790342240408442,0.015254517900234571,-0.0028835150321131777,-0.06874867873658821,-0.06972496731432476,0.1153027339944772,-0.16099418088776682
143,0,0.31,0.0039130542547294095,0.00546419613778646,-0.10031789487288954,0.0810260777382694,0.021663831539363965,0.012042013216026715,-0.06531519954663638,-0.15480718384664302,-0.10186988787695017,0.2939093265902763
144,0,0.06,-0.004584606149409422,-0.002596219774538241,-0.07321396069944722,0.026779196294127828,0.010725824229317792,0.008975820389865906,-0.026891783296915328,0.06885410268177755,-0.06360640660855865,-0.19873363373288738
145,0,0.0,-0.002288849372767393,0.0027859456769544376,-0.026700295308680032,-0.04408201134015004,-0.011583447337275133,-0.008774809471559444,-0.029834165292778,-0.04548311590015448,-0.043703615912797276,-0.10462730240745924
146,1,0.59,-0.0027859615548361995,-0.006629746833413866,-0.07366194681207014,-0.08455375735888035,0.02796976543412284,0.008717016529201725,0.04973084912934434,0.05425127092987641,-0.048830192830410804,0.35150103670039995
147,0,0.18,0.0030002093084818323,-0.002456623948838504,0.1082391151745219,0.04921913073564425,0.00033381173412298315,-0.003920272766267467,-0.06813696035680973,0.023880261522348026,-0.05979529556132184,-0.184655042508548
148,0,0.06,-0.004139020516948218,0.0008707298193191423,-0.11309311790877478,0.03463062568770587,-0.012236454513026414,-4.6302087215097074e-05,-0.08234266037072936,0.07002086105064424,0.05921469135686335,-0.2071710191845053
149,0,0.09,-0.008056461169572031,0.00015933140671342688,-0.061059510017206706,-0.051287898936326286,-0.005067731888602817,-0.003909892299178751,-0.04248386548353713,0.0734205702782111,0.05997627095178871,-0.1859824795089561
150,0,0.22,-0.005663611621747554,0.0035640306830749986,-0.030115654752626574,-0.0396552836979801,0.030034565982564213,0.06003289047950492,-0.020353877555649696,0.08736433632088964,-0.04086625428085903,-0.13863280822383778
151,0,0.25,-0.02209734966617433,-0.0022104086125462577,-0.06771526619223181,-0.17177459278670676,-0.001877449193804168,-0.005691179090067099,-0.0867745205749059,0.11468330501701221,-0.10380154941027661,0.28296734384303335
152,1,0.78,-0.005150945960870722,0.0012949874967962502,0.1612053115535927,-0.09503924352016793,-0.00948667009169023,0.002133900236883951,-0.047261052059213896,0.12811515057615305,-0.055661357883472144,0.3855582529853227
153,0,0.29,0.010584014648262377,0.006290159638423434,0.15260326752849246,-0.059638085007166,-0.013895504040777612,0.026658114304160253,0.1167829067978828,-0.07431500521271665,-0.07073454274079946,-0.11862699258242806
154,0,0.16,-0.00796066064072953,-0.0009608266105478244,-0.05121788384058741,-0.058939007516197135,-0.005747479673470122,0.0010427651523162262,-0.01856300032717184,0.10414127656499057,0.049993168024323936,-0.16608001779959297
155,0,0.03,-0.0038233832764617763,0.0036939343743414284,-0.05528693528035404,0.028029665026994294,-0.006201290259173393,0.013218800663631855,-0.0441087693468871,0.007740100292817491,-0.04473127981067537,-0.18282250905089992
156,1,0.67,-0.0049034298275087975,-0.0004894524583126718,0.1290533111093281,-0.08091187362888982,0.0011299715031893932,0.014569371461597957,0.13071432000625446,-0.10115168639578154,-0.06599910170716108,0.33369690327061896
157,0,0.07,0.04833558081433937,-0.008719684258875983,-0.03256243919381031,-0.042320193765870345,-0.00020182517320731694,-0.01528175915514437,-0.04026997564554194,-0.08202648628300709,0.058517535368747486,-0.12976241937429564
158,0,0.06,-0.003517276880761341,0.0015136855248068983,-0.12568351614715145,0.029323841882421944,-0.009764258944845951,-0.0021250095020134327,-0.07893231062943042,0.06696285572980273,0.06452440723766034,-0.19659408493715586
159,0,0.08,0.005854037942139285,-0.0018753120890585874,-0.047325070579305406,0.025498591026438512,0.029397842428855805,-0.003929338283742538,-0.027043998554704744,-0.044147507246856475,-0.05209023514732039,-0.1186306761631123
160,1,0.7,-0.01310795193284937,-0.0037511681168873406,0.21412828550205223,0.09227415324952859,-0.002327387393049811,-0.012655731070222609,0.21345174010939824,-0.0913258782702305,0.10899398434689896,-0.11997171309130474
161,0,0.18,0.028367888060992705,-0.0017702031916453083,0.11171424409970364,0.047287471371167074,-0.00435675362817864,-0.008606795095478358,-0.030433700845355585,0.013071351002939081,-0.10241044003879271,-0.18715472840201838
162,0,0.01,0.0016523811450700533,-0.0005764481668484507,-0.04820416315237959,-0.04537745903408516,-0.010893867862358086,-0.010043174728994696,-0.03552507858625913,0.036301992756666235,-0.0382130616937836,-0.15341278734369407
163,0,0.01,-0.006106896148824248,-0.0009628174769839889,-0.040236945399586846,0.02443374523290121,-0.01757655301077771,-0.008032862475534624,-0.038419796457084356,-0.033260399779431626,-0.03938413843531944,-0.144745002716025
164,1,0.88,-0.003676927112407597,-0.0012968892395653347,-0.048081494338122796,0.048323318836712544,-0.00609152443957508,-0.0017156694983963786,0.09670345256673134,0.0995859822565222,-0.05323280509955809,0.435190889400993
165,0,0.09,-0.013790945505734294,0.0017781251942334145,-0.07470735723171788,-0.0413290564554312,-0.005981058037934652,0.012858258027554081,0.09379719025969627,0.062046347401292744,-0.11087909615971604,-0.14808407415890845
166,0,0.02,-0.009081851473349261,0.0010712921124191607,-0.03708714923736468,-0.039656288219591794,0.005515994697358798,-0.016295333360631853,0.07489963450768583,-0.060366444183159985,-0.061468424302117894,-0.15182309720791468
167,0,0.05,-0.008066107643639894,0.0011454475120807241,-0.06452259834973888,0.03292478243769596,0.015053916447304392,-0.01556546366019839,-0.03200718318280385,0.052263353157360734,-0.06442781157795549,-0.18109000180677254
168,0,0.05,0.05387933610557534,-0.005711191308374571,-0.03141197174998202,-0.039458502023605665,-0.01542230180335884,-0.004711082930485783,-0.030986568927442712,-0.04388894794521505,-0.03757515616229245,-0.10900527992148468
169,1,0.91,-0.010669044403007111,-0.0030627526267230478,0.11818955607277151,0.02074914097968533,0.0056203710587054865,-0.0025327469510329067,0.10316648756326996,0.051128861304952866,-0.048027100919937976,0.36114556125464803
170,0,0.05,-0.008108624181270879,-0.004463946330274165,-0.04615408049773895,0.026690777532527205,0.014979760501780051,0.028674340838338586,-0.04522108589600804,-0.04965390138116284,-0.05410855070974853,-0.12692635654310933
171,0,0.38,-0.003429954904895663,-0.003044577125322139,-0.07583521949049232,0.04784745245305021,0.0004338932413577458,0.038463772504684746,0.20007628628538598,-0.10149402507674507,0.11431995612645286,-0.15162925068014227
172,0,0.31,0.03893238523547039,-0.0008237341844200192,-0.06971186701851569,0.049000773055867225,0.014988495905996107,0.0553750129247278,-0.04734578826431182,0.026371593837138458,0.09947941547258207,-0.1705579536312018
173,0,0.05,-0.009791465678360086,-0.0038233157002116568,0.0726401941341335,0.003497481811680056,-0.014484406723746344,0.018906005494806116,-0.047442023790122696,-0.08837482897350876,-0.04219984313425534,-0.15321946410708165
174,1,0.87,-0.009281133600447446,0.002029709924779684,-0.04045754546795788,-0.09045708058899306,0.001133684284573304,0.011423821083133527,0.1910105645786663,0.11242275640660356,-0.0590006974025967,0.43688425411557197
175,0,0.27,0.10881637899789054,0.004386480870325477,-0.030236756653519808,-0.04690643471262974,-0.0049239821222930805,-0.002084363504155525,-0.06260715110346277,0.08329649801200617,0.06854268552072636,-0.16257502197155455
176,0,0.03,-0.0003529937245062571,-0.0014768689737715813,-0.04004418175852196,0.03955743597669341,-0.012879941314643501,0.0010853570183754996,-0.03450080538065593,-0.0672901245155683,-0.04600322568202287,-0.12238631831204497
177,1,0.72,-0.014910026295020848,-0.007472567603017335,0.1084288407288911,0.05006586185094947,-0.03685602436409861,-0.046929090405504685,-0.05573395551904275,0.08928017879483918,0.06100393491460113,0.25883118123073656
178,0,0.03,-0.009828795014644988,-0.0007267159264977682,-0.0468396886953389,0.022054171562266307,-0.006701835294193749,-0.004198001771221902,-0.03717158527452473,-0.05603254115544452,-0.02494573023416993,-0.11990094486289662
179,0,0.08,-0.0077798045839166515,0.0018837244554548971,-0.05631209221540945,0.03107606560230897,0.015194054663423476,-0.006863298507428809,-0.022815252743993528,0.03478051431466009,-0.03260939039334123,-0.19084618725842514
180,0,0.4,-0.0013129866078884227,-0.00015055772010753095,-0.08484417907311792,0.07075259710441167,0.01485195480565085,0.028302236574066438,-0.037474393519016345,-0.1397766758408038,-0.0815173445151921,0.31687768212533113
181,0,0.08,-0.006866513243905241,8.262240299891466e-05,-0.05723232422026566,0.04640662831622789,0.0250714953990896,-0.008665071328263814,-0.050487902044297955,-0.06767140802539288,0.05870157109932136,-0.1736307650221783
182,0,0.1,-0.0038272313634004178,0.003209838264964719,-0.051093000830298455,0.06426823571915327,0.0018009950780045374,-0.011280943328375231,-0.046885986112927144,0.07152081453975705,-0.058559350056759385,-0.1834450385767854
183,1,0.97,0.0002968868693582269,0.0002520514705448657,0.13619883785498688,0.07939703911326633,0.011361525016184598,0.013370549198773262,-0.04115693373128511,0.10236530217162788,-0.053681828131927206,0.40730490350180526
184,0,0.08,0.011565088479578675,0.0020035020220595433,-0.051543558538447665,0.004908998820531771,-0.014798240757283117,0.013494031041914956,-0.034312294576037856,0.0527764232628691,-0.04796610054783889,-0.17041951587401344
185,0,0.03,0.017082839590600238,-0.004789458711225991,-0.05505128201924909,0.02383075473654293,-0.01711225003682302,-0.018288623863470712,-0.04707544514046872,-0.053501103236824506,0.0486671803843046,-0.17805427837005286
186,0,0.39,0.0031799401752281354,0.005657443062805808,0.15888083810400414,-0.13587840494440145,0.00993689997243127,0.02958523712180285,-0.06830041510022791,0.10265966014809735,0.12476660345005118,-0.15477946865645623
187,1,0.91,-0.005847170805689037,-0.003906148972082474,-0.045642387326850664,0.044459009357694174,0.008203279851641437,0.015876297984698688,0.12362103611103482,0.08009476184547012,-0.06763349002100111,0.4464831453084157
188,0,0.17,-0.004356963531405048,0.0051495962152913535,0.12483031549730253,0.013868213861066705,0.013361570584999293,-0.019945107377846417,0.12827771470767474,-0.13246123776930957,-0.09857110257486869,-0.17444466627957142
189,1,0.65,-0.004011519812279595,-0.0022675357896255184,0.13061959753672947,-0.0681596724856076,-0.018015104016358596,0.006625844485204781,-0.037208020563542166,-0.009738555572708411,-0.03947798256243244,0.377341282113954
190,1,0.8,-0.017278618570239167,0.0006644311685057994,-0.06550714786699342,0.12279024110838446,0.003715317046168273,0.01644134234492203,-0.03484705537290086,0.12211256362844312,-0.084419091334312,0.42203635118135635
191,0,0.25,0.054665233604267206,-0.0010263754752617223,0.08442956576705718,-0.052226582954951736,0.008698593714234471,0.0008584842893754848,-0.020651173617601673,0.06157357376423371,-0.038852589973136856,-0.16176039578488272
192,1,0.82,-0.006041260919557662,-0.00023484780802679675,0.13966377740896124,-0.09359036066630659,-0.02138372908441314,-0.003641487001454581,-0.04122423689420553,0.06643361270824312,0.0760256438444439,0.38970122174565075
193,0,0.09,-0.011666795174307142,0.0061854165785258436,0.09858283904812412,0.050852418124234335,-0.019828016675330528,-0.006519934224391247,-0.09401576057164293,-0.153861042940292,0.08801650245983218,-0.18203729329141974
194,0,0.17,0.0035729318016480115,-0.008547567790267585,0.11318553979853202,0.03046403333452907,0.011485588696968809,-0.017900459379351853,-0.06172725706771616,0.10571444132233528,-0.12878222517729246,-0.1917566922060509
195,1,0.91,-0.006870188417723549,-0.000227851047084416,0.16031347963008985,0.059750512961228436,0.016894416587368115,8.275928397027653e-05,-0.027099356815943155,-0.010138135245239805,-0.049588629095658365,0.45259132549232495
196,0,0.0,-0.015328935190874608,0.002115800006602781,-0.03449696281274471,-0.031058336166015145,-0.007307070125722528,-0.01351285590219043,-0.0287073403147798,-0.05520118604703829,-0.0376769649974005,-0.09311781511650333
197,1,0.94,-0.0012797596371544467,0.0006904641041543611,-0.05432229351002565,0.12936662828669654,0.021232822785137804,0.012185827616565519,-0.03390561186205549,0.1463177632604349,-0.04936989277441125,0.4547923850639923
198,1,0.67,-0.0012759012872302154,0.0048964106998655365,-0.06818849836008177,0.07558111823651956,0.010238023368863204,-0.006185010429898773,-0.06222328317269738,-0.08561846686141483,0.11774426881279627,0.37073967232661176
199,1,0.89,0.015369743126559959,0.00043255740758091815,0.08133960870879765,-0.08794582739049253,-0.0077587720673332255,0.001248354901432918,0.10585204759527087,0.1012863278736977,-0.04481245468229196,0.41069674786011023
200,1,0.94,0.00544464382183806,0.00430140311403403,0.23324092671619748,0.10603041314972689,0.016714294212000547,-0.01083326008435016,0.16656970744519786,0.07973131523059551,0.12678238969354352,-0.10227349996545103
201,0,0.22,0.04109108343538036,-0.006507579551272007,-0.0676250604002207,-0.10355638848946642,-0.009029211542626174,-0.007860774108955776,-0.06431868053559964,-0.0672079092730295,-0.08131859517175956,0.2720414489708837
202,0,0.13,-0.009572852426128934,-0.0005357346844759704,-0.05253769339792589,0.029252403447806566,0.0307975765353184,0.026321042445122084,-0.02014107244901871,0.04932020977770304,-0.04153571996418044,-0.19565982595088652
203,0,0.37,-0.0024758278028608207,-0.004530920479572515,-0.10119677317321647,0.050158766139522894,-0.013239001093149587,-0.02138914774979598,-0.049085440398154434,-0.0827182643137399,-0.069137075343229,0.3493220175475289
204,0,0.08,-0.0070299807453667075,-0.0010654872181562376,-0.053761162303050065,0.028991817955110914,0.019299673460320063,-0.010144449941809918,0.006951598148473218,-0.05897599176009745,-0.03017105863764994,-0.12838662562444045
205,1,0.94,0.0031674415241542933,0.0014157796866353792,0.11183166163105868,0.09417991988344485,-0.005923932407102277,0.007318617639027442,-0.014045719122582866,-0.08289928587888601,0.08692146025848702,0.4237423901190965
206,1,0.96,0.0026809352401766426,0.00037758030583210815,-0.04113524511885224,0.07953961402559077,-0.005799519484471473,0.007645540717966576,-0.029138437471351728,0.08648351276985144,0.08646759708327299,0.45858675526531795
207,0,0.25,-0.004679564649183849,0.0005128737744693777,0.11651573788874729,-0.1617247497676517,-0.005086628813411123,0.036750322796538885,0.11173761029365743,0.07692457383696455,-0.07562411814501428,-0.15961772388178236
208,0,0.2,0.04865522734159997,0.01028353656498729,-0.03258910947266193,-0.00041683676095914007,-0.012435128392190716,0.024736724362154607,0.027456025564102777,-0.028210476871955263,-0.0451981254781273,-0.10657350352361683
209,0,0.08,-0.011833155845470676,-0.008364189518355474,0.10547640408220252,0.03683479484683041,-0.007030941943866556,-0.025663582342728003,-0.08822408195577282,0.07802607468804588,-0.11697730238802738,-0.19653568628952411
210,0,0.03,-0.009541149300637064,-0.0030333719656459087,0.060788761135814766,0.03207768017163283,-0.011173066570088822,0.00398643397016223,-0.06448047645416233,-0.05188053054401439,-0.06041700459417834,-0.1806189425155502
211,0,0.0,-0.0024262313896857737,-0.002205608132599118,-0.033257636025664165,-0.04287373447918727,-0.01666917089891723,-0.007679866836694017,-0.023754424017173162,-0.04984318815375066,-0.041847631705149185,-0.09373417502784614
212,0,0.04,0.02340934517532087,0.0019487621631322197,-0.03851685179982801,0.028431062226718203,-0.013716895360933259,0.008043837516020412,-0.0395860527494496,-0.06024325625336123,-0.05657378559526563,-0.12748783198902036
213,1,0.92,-0.013413099225712969,0.00033096754106224605,-0.04347571749748911,0.07721864491539525,0.012150425288092726,0.005504557871109917,-0.04292622472184464,0.1407518250957993,0.022914421067844765,0.44665253299907665
214,0,0.33,-0.005186342029231946,0.001981758905135898,0.15222217432275856,0.06817687972254154,-0.007147957245773983,-0.005616739241402553,0.17875576395325107,-0.12355459015947648,-0.10186359268316034,-0.14205902221130817
215,0,0.25,-0.0068064583189307555,0.008479114222892386,-0.04824459792584467,-0.07336192648425961,-0.0011745380554040092,-0.012270631644230387,0.12940672921746132,-0.046825811680501525,0.13315752529843472,-0.14665107129628518
216,0,0.0,-0.009056373854585223,-0.001660929336687036,-0.06667417015347481,0.02080913062075003,-0.012632755853558686,-0.004435309129909223,0.03632835598102338,-0.0661961486138838,-0.07102510674566462,-0.13974835958067652
217,0,0.0,-0.012363426782396249,0.0008895567451225604,-0.03611876364783557,-0.027725830276774215,-0.007523530704387224,-0.008453016390869492,-0.03451530245866662,-0.05263794123110675,-0.040771055665731276,-0.09507235625402159
218,0,0.04,-0.009774318002913082,0.0001674090195426944,-0.0322436019680913,-0.06100001579808364,0.01826897696894194,-0.0030642927777713453,-0.024729319302882573,0.011153284790476113,-0.04639732938934572,-0.12667246020653974
219,1,0.85,0.02196964750379631,0.006763641396083408,-0.02954664085142981,-0.10447011229983204,0.008526577761491754,0.007799793205522344,-0.042110859955635245,0.11949031596388196,0.12707007450875643,0.42021589610069926
220,0,0.05,-0.009514105383195255,-0.0038482669643895595,-0.04707282672124497,-0.0036223604536528274,-0.018367801824599433,0.011425653235543507,-0.03924671285734095,0.04979328674353726,-0.031950118870732416,-0.17188841357059204
221,0,0.25,-0.007284155213693524,0.005418163517799445,0.1272693440200163,0.017611176737988895,0.01721312351866918,0.030738292674728267,0.1301809409579446,-0.13483099053715683,-0.10026600914318916,-0.15034155319977488
222,0,0.01,-0.004739866788153419,0.003025897908152399,-0.041491113960915656,0.02012717123005591,-0.018546947269725673,0.009837373805106858,-0.039841280561048076,-0.0655573318160559,-0.045489058167281146,-0.12161651104680227
223,1,0.94,-0.0035952592189643718,8.535164238538962e-05,-0.032821166681614666,0.05623695247562972,-0.015409799469029527,0.011703866464205332,0.09497358883840468,0.037773169536524306,0.09785572492664017,0.37890590481915254
224,0,0.06,0.009599518314696019,0.0010286398986329244,-0.02861226885497146,-0.03645701244408814,-0.0051786916190901516,0.015745080177018058,-0.0398713068263247,-0.02889570800944751,-0.027154436462103547,-0.11449548084098815
225,1,0.91,-0.011399011860020793,-0.00033169651127459214,-0.04860486025779203,0.06330647507534694,-0.022937651362489098,0.000484804342966039,0.10172842594773777,0.12115989343168859,-0.06458488273334069,0.4568868372605101
226,0,0.24,0.07101835789349104,-0.0013355017484547426,-0.08493400741625483,0.044826702109225514,-0.00600370522723013,0.0006830521949628384,0.0673318007436864,0.08039781680140162,-0.07671794012302198,-0.16955824189447233
227,0,0.07,-0.0003304042686478638,0.004574976154781402,-0.027982201786566494,-0.04165820424212843,0.02141931461765078,0.017452760218585526,-0.0350062620313522,-0.04427805823670636,-0.03997024304497153,-0.09851334404731144
228,0,0.27,-0.009206340497135646,-0.005221329838877518,-0.07815217346726866,-0.1412505158778989,-0.021741107663979464,0.003931913445064894,-0.07610751562456705,0.06659902537119285,-0.08320288354850015,0.3000592610353031
229,0,0.02,-0.008360821108735927,0.0031013611906858503,-0.029285400980540936,-0.0411345836294247,-0.0058103336634989025,0.004969805406495371,-0.03362577989471801,-0.058531528102270455,-0.029901094604169356,-0.09571329128048958
230,1,0.94,-0.00012237986769359714,4.691496674485053e-05,-0.04522550756232155,0.034397338081817115,0.016306258088869634,0.00896204619539952,0.1223549730622811,0.10596886410462433,-0.04886905044606106,0.4318888767096719
231,0,0.07,-0.014510409288299983,6.626358310783934e-05,-0.037029168411525114,-0.05527993686929094,-0.00573547688292957,-0.0023460745645823796,-0.03312747257228952,0.0531258877519085,-0.04457415136455386,-0.10488112804821116
232,0,0.41,-0.0033335744957466253,-0.003825494519108797,-0.0778610924160584,0.05315130238727071,-0.007136052891924237,0.05613857238199747,0.20572865970282697,-0.10178089591780118,0.12128851506168739,-0.14666160595980957
233,0,0.04,0.0003206543892163434,-0.0031539355624261487,-0.038645866304208076,0.02781963033328105,-0.006832719954059891,-0.0032559629495178097,-0.026831077166540485,-0.05918291471289408,-0.034991172442296464,-0.129538302297221
234,0,0.05,-0.011568645072342915,0.0013048709810535846,-0.060458877348378945,0.020701264517656817,0.017303050872645814,-0.007494236025566473,-0.03243961495191537,0.0287785324305402,-0.04776913020984284,-0.17264888186051722
235,1,0.85,0.018983691558532075,0.004326991982729188,-0.0539858639130389,0.10767700908703362,-0.02274010283548559,0.015295204986590559,-0.048938287884710975,0.1755925772560691,-0.07158985019380461,0.4110869632894194
236,1,0.84,-0.029484205102638952,-0.0012324445019088895,0.19547954035704487,0.09342551253101708,-0.003831002107468179,0.013362995958443176,0.16170863767624682,0.08654363353343193,0.12473454798639004,-0.11499888299722422
237,0,0.03,-0.009223927008607241,-7.902385446139158e-05,-0.0600309834472964,0.022072496444787395,0.011931346547218473,-0.015709304976248634,-0.0349168307161173,0.06364655443670948,-0.06336519518214374,-0.19861679891050704
238,1,0.72,-0.007544946594883312,-0.0003202447082787788,-0.06465257200932954,0.08337813375001307,0.010824536436979768,0.013898317525917688,0.17569804525517885,-0.11053664226960061,-0.08374473582801688,0.38870844177535135
239,0,0.08,-0.009124426958795964,1.6658307677188718e-05,-0.10195168802423042,0.033510538345550955,-0.019723412066523296,-0.006705489377875959,0.07539719095327652,0.04061415775651859,-0.07808162942920835,-0.1682435661730551
240,0,0.06,0.003437094676624156,-0.001020441579698529,-0.04493450149167469,0.04792149014458154,-0.010636078520775107,0.00089350632259318,-0.03654671160850612,0.04910892282751405,-0.06477065202654356,-0.19774429541078178
241,1,0.95,0.005154802661561693,-0.0011906064768230818,-0.06421754270804714,0.09402931280768358,0.0009300101787320862,0.014656688124875033,-0.03294059327955364,0.09315809179730193,0.05915725798881338,0.46697091223878995
242,0,0.05,0.003093509301459148,-0.0016234699004022142,-0.05955979553538106,-0.056140201653098416,0.013291063448671413,0.0012455477941666839,0.07532354530404069,0.00956092623140171,-0.08976232151793508,-0.1597204701395886
243,0,0.06,0.005039773885114271,-0.002045235269517711,0.059874231296337115,-0.06941067334616946,0.008888156367865267,-0.013327346286128926,-0.05025819039306725,-0.026872103144634306,-0.0254649217036692,-0.14071535807279664
244,0,0.19,-0.01708330968083613,-0.00021550424732028054,0.12303187868105629,0.04669055274013562,-0.008775239720810237,0.006320285591451633,-0.09379515873718808,-0.1020803134175806,0.10099310057073546,-0.17937795844630913
245,0,0.17,-0.004816639673773925,-0.0017966431112802137,-0.10102254184088678,0.03711517911208488,0.013273674099943037,0.0017969146834739028,-0.05573848108317342,0.06969150531064212,0.07873073952189992,-0.18152537368559632
246,0,0.08,0.015248605405847765,-0.0005009704132549096,-0.06752292648017692,0.03155614362161171,-0.0012259507765629792,0.00532666454776924,0.09311702931194438,-0.05982572446450795,-0.09268226540439585,-0.15778227201494066
247,0,0.07,-0.0044033205571090955,-0.000720181248313326,-0.08119204895812394,0.05001991625984146,-0.027523349206492038,-0.015158050147024447,0.027387552818219498,-0.09261373496578373,0.07927893070946511,-0.17936738137134592
248,0,0.09,-0.005175073547281736,0.0013387627828711638,-0.04986610898798603,0.02787951708889154,0.022577513515862783,-0.0091653297740094,-0.03314138043276982,0.06640573667119685,-0.050794036357967295,-0.19435126762547475
249,0,0.08,-0.002522350419463138,0.0004583504219673202,-0.041085182485976035,-0.04068165213994535,-0.007858998211467108,0.018796131723499504,-0.03777964628074831,0.05121269945123703,-0.033362043499881124,-0.1414689752258894
250,0,0.35,-0.028574816731071092,0.0015968157316537017,-0.07165912926349563,-0.11147448013114893,0.027422947253948164,0.011616440909689198,-0.08531622149465805,0.06271374398369524,-0.09431470461573642,0.3236977376904575
251,0,0.11,-0.001255879678095038,0.0003845740329420008,-0.059871974691607745,0.03973285213352051,-0.00795058481950534,0.004460743668689371,-0.039432457314587256,0.08004173869724379,-0.027968042692528512,-0.19243263600273866
252,0,0.42,0.040788066179884314,0.006426824334979078,0.10094268822441399,0.06827928903444432,-0.017707513100879244,0.03227518148423413,0.02435435895681921,0.10434772579439507,-0.08952390785644344,-0.1644743797185152
253,0,0.24,0.0015295983132197725,0.00039188371894619754,-0.0912903528504726,0.06483677914238524,-0.005983464397860069,-0.018053779348782054,0.16234565470090428,-0.1292727394601021,0.09678451892711008,-0.15557976541201513
254,1,0.71,0.02624874167572224,0.001899440357680498,-0.045877101853262846,0.10539263014122814,-0.0006935510856768343,0.0024574684895984525,-0.03517171173029979,-0.09311876162744238,0.031089259614537384,0.4034819193512478
255,1,0.75,-0.0019813732151695985,-0.013435952001036072,0.24988251977998593,0.09304295934255098,0.0012603571865762604,0.02307480134501951,-0.06222923540104358,0.12922802790396548,0.1577992086730789,-0.1409329802805936
256,1,0.91,-0.0005392275522920723,9.731886298795466e-06,-0.04754232089088812,0.07028004156023823,-0.02252832022220914,0.0019072838618669674,0.05137147622189853,0.13984479408813125,-0.0524294786668487,0.45533435304713704
257,0,0.18,-0.01687208635826036,0.0035999353517637295,0.11043768270369017,0.06898626558271734,-0.020379582088971303,0.003293188025061883,-0.07916199071702959,-0.13377491250546,0.09606193346495233,-0.16648210012513065
258,1,0.73,-0.010209073479713053,-0.008336658858703445,-0.04863936979377852,-0.10248622348676925,0.011177849512848432,-0.013513018361367674,-0.05414066919077468,0.11979098094234523,0.14237724246775155,0.37968727358149473
259,0,0.01,-0.008123532673872067,0.0009773921217153157,-0.0382157144307538,0.014165692407342662,-0.012533717979453686,0.00042928492766272994,-0.03324615027229057,-0.018624555511696752,-0.048806601751332744,-0.16031376350398832
260,0,0.05,-0.004853614538750116,0.0007254307298490838,-0.08844666181345097,0.028337721868249392,-0.014396919199869134,-0.008865090024836705,0.07639359835477999,0.06360382788773608,-0.12515725136120268,-0.19163270856917122
261,0,0.02,-0.003934551820442362,-0.0007060127125309547,-0.05185233209565105,0.028541443151519987,0.012627239657705142,-0.00911462524118865,-0.050762474658214055,0.016721046541451474,-0.04909080517436528,-0.18672059431495194
262,1,0.91,0.005540223060489546,0.001991611502358573,0.12733824100172741,0.0776281222981886,-0.0011186250047750203,0.003584490357090198,-0.04454658197858178,-0.09429556672076027,0.09172014737447164,0.42786627144312284
263,0,0.01,-0.01216963865757049,-0.0004950845107689582,-0.03945800603226787,0.030761238152707336,-0.018795628598859915,0.0025941349422576427,-0.03912673608569136,-0.05763258332944208,-0.0411614360002468,-0.1288079265467839
264,1,0.83,0.0009352482017377272,0.0003964826741556732,-0.04206123393738769,0.09533714633786432,-0.00407610292164272,-0.01435206732653184,-0.028189103270346315,-0.09173452566016099,0.180312195354281,0.4191402938813656
265,0,0.48,-0.01871625880308529,-0.0002710992153653011,-0.07017704389058489,0.06384637069655537,-0.018598445147301752,0.029095713200335428,0.2079429984259153,-0.03862670518884264,0.16040995554860493,-0.14919715229289704
266,0,0.08,0.025159362295402807,0.00240405865756059,0.043926905343621585,-0.04646556602745446,0.019635100875621717,-0.011734305599527282,-0.02990540054177783,-0.04779523996912825,-0.05827446943869181,-0.13124211226229415
267,1,0.76,0.0005072226495995293,-0.0011596844669726036,0.13006373496206372,0.07206744687596253,-0.0038546724433171794,-0.027674067325135797,0.1351010092886645,-0.10024503511676923,-0.08013633933368201,0.3210387182429208
268,0,0.36,-0.01403765334410777,-0.002433055141601474,0.11044790269994181,-0.1895549862672694,0.0035243022853441238,-0.005847922647188123,0.114302571939006,0.0696812600224556,0.11359370992566087,-0.15396779613890846
269,1,0.76,-0.015232845972351345,0.007015746071433091,0.2261696627390266,0.08516101273722736,-0.007140823603619103,0.008670302984383909,-0.06437042375462979,0.16724432371680145,0.18951478597430482,-0.1513234075592444
270,0,0.14,-0.015138886195855674,0.0023947385505638094,-0.06546008028821663,-0.04339338316036437,0.020130690099337874,0.00752397934799268,0.09645857052017637,0.014131434954224068,-0.02243363082507459,-0.1685050996694503
271,0,0.03,-0.0029728888883447714,-0.00017664641875558525,-0.06285828886650036,0.03292114153727181,-0.01592388524668886,-0.00888025083495309,-0.015715141679005666,0.04261911782316464,-0.06041817384301589,-0.19288665024983967
272,0,0.07,-0.003935459989901443,0.0009885479571500272,-0.044464904795392175,0.036368870884152374,0.012238315503882623,-0.00887871891536058,-0.05539165367508494,-0.05560057353990401,0.05155138369538655,-0.17716747379159525
273,1,0.81,0.021180143296855497,-0.001400895660987526,0.18502269010020583,-0.07347104407289333,-0.022177823528252896,0.0025408786877797814,0.06631636972533508,-0.017988345557133394,-0.05151349947545138,0.3871998598178759
274,0,0.14,-0.00773845582114783,0.001196138959984584,0.11482852843410306,0.054536913329511195,-0.0037632803798633412,0.02094207354981322,-0.06951779026932739,-0.0017652383364020368,-0.08928142339273573,-0.19372913274060244
275,0,0.04,-0.012580433244166847,-0.0031072353463117396,-0.05415018543133986,0.02746330786541008,0.013514579337048287,-0.016564138175348322,-0.05815069083399847,-0.07736708427644105,0.0761580919764897,-0.16950787853800867
276,1,0.74,0.026970786966955134,0.004694996727298838,0.13094224040839525,-0.11714512888688736,-0.00823197705724186,0.004994401126957888,-0.032463157596581506,-0.08525013847109048,0.1351638866295592,0.366032423485968
277,0,0.05,-0.007151912550738383,0.0019181246469335425,-0.04699617187169328,-0.04293131529909821,-0.012170386567650838,-0.005119347986465029,0.039350569185271585,0.017354896556033603,-0.06788035359463863,-0.14066576918462093
278,0,0.24,0.024862593833597568,0.0023802067858119595,-0.04466584722918231,0.014468221057114192,0.023919112594836547,0.04776929472078946,-0.008104750439314287,0.07814731195879718,-0.04905235966857478,-0.16401545028054207
279,0,0.14,-0.008641679018999008,-0.004043381377093507,-0.06165861573198123,-0.11923892878286191,-0.005334850668634796,-0.029180059248759382,0.10853731252188303,0.05347199787394153,0.07987374237097916,-0.18807720460514193
280,0,0.08,-0.006093556366767062,-0.0015451112841946585,-0.036100838167621746,-0.03293058317635181,0.024178236555251736,0.006729939278274046,-0.020687029629858352,-0.05652340392978293,-0.020595972825003077,-0.0907233471206128
281,1,0.84,-0.009663951637672424,0.0005870353226369657,0.15492992471102227,0.1097342552652804,0.02051710955606116,0.0158654939233576,-0.03291329634838607,-0.0877631527837211,-0.06160387680810696,0.4160187921328619
282,0,0.3,0.002506202857763314,-0.004241228537658715,-0.04825428944201543,-0.07747970679260903,-0.003812115688423612,-0.0328364767314279,0.12737456012820556,0.09791879027017296,0.09524567686236114,-0.1707130795930358
283,1,0.94,-0.004774940880730215,-0.001066805048973942,-0.04618875453144631,0.07556976598518544,0.008799871390848394,0.006340023258910849,-0.027539979375544362,0.08368708254300092,0.1011488416298181,0.42973322836226524
284,0,0.04,-0.00210366584676428,-0.004425477180084625,-0.05578481311820849,0.030861199095015713,-0.003491685862994769,-0.0009440985172719418,-0.04225668826228516,0.06932151043939369,-0.07153402274884742,-0.1939339246646194
285,1,0.9,0.020923335108524958,0.00020871458011897253,0.19986554842391865,0.08685422869412353,-0.006069157770961508,0.01697437948048768,0.04888071634542994,-0.08705600213455444,-0.055996847593522865,0.36112341819976757
286,0,0.28,-0.022421172951996454,-0.005827019835219455,-0.08886688515609444,0.09671384058601765,-0.020787595731442544,0.01933000179822861,-0.054630025452517196,-0.15961953159075026,-0.12324920156544547,0.32506592323255307
287,1,0.87,0.004964749250014828,0.006954629819388011,-0.04767095515842185,0.03960109240884537,0.015523622011035507,0.008739286168160752,-0.036876256098692474,0.16429643483297732,-0.05576542615047544,0.4559411562505013
288,1,0.55,-0.006490982087753609,-0.0006435902278518272,-0.09153784564548952,-0.143772618460072,0.013881129795252153,-0.002272305038520757,0.15626233526654842,-0.1085981654670489,0.10635052570049836,0.31252984949776974
289,1,0.69,-0.0014091335102470986,0.008859575635556817,-0.0787917440450495,0.06170861156072668,-0.012967866662693962,0.0029268702059277595,-0.0469122422589449,-0.1103985471475685,0.14771925358305638,0.4049735559725704
290,0,0.06,-0.007408862424513738,-0.0018662647702112276,-0.058459651037346856,0.03505890802473024,0.016113041519501808,-0.005626680891237152,0.026045582456142684,-0.04881779710691709,-0.05591149530040717,-0.1534184471364085
291,0,0.06,-0.007108340468683921,-0.0006935565028528627,-0.0374489606876464,-0.0497380390019638,0.0131577802559166,0.012312899929166387,-0.02003678919042626,0.0028028289493440533,-0.043824088329808566,-0.12371540161971174
292,0,0.07,-0.01745125671130367,-0.001001167532112426,-0.04704699627392603,0.022249913071705596,0.0174029344145709,0.005875282175118139,-0.04682610229965208,0.013590817006874204,-0.03129380669368264,-0.15979128382425956
293,0,0.06,0.0038809257733447636,0.006158660523326268,-0.04064844496430152,0.018901455131986485,-0.010152690701866333,0.013817573132525317,-0.029627653949551545,-0.047564483339784254,-0.05005280104983839,-0.11900420722250755
294,0,0.11,0.004903855052665564,0.0056502365859882235,-0.0649469055041732,0.03292554428250808,-0.012448866445514366,0.034638282976639775,0.05148875112654957,-0.04899373748333568,-0.05747107245011624,-0.1500377548078782
295,0,0.04,-0.009616875558702723,0.0029379154325143097,-0.02709953274941006,-0.0554359396612459,-0.009616124473267994,-0.008544429162721474,-0.04622306646745636,-0.04233309305313042,0.04209380975982669,-0.12045433073307267
296,0,0.12,0.010020759331672024,0.0012099433102549274,0.12135030522519821,-0.07055669800911427,0.002130646013519338,-0.0013496601646992917,-0.039106949457046486,-0.04157850225466746,-0.05176292606851925,-0.12464858459326439
297,0,0.02,-0.009995626487481748,0.0036244939967219427,-0.07282743475132197,0.02227041186038748,-0.005219461748832185,0.004321266654495164,-0.040906271336140936,0.050279081643951826,-0.05793897527783051,-0.18789915122061632
298,0,0.05,-0.0034191761138581207,0.003883865929134677,-0.03647070651685783,0.012925361362480323,0.0158299027586182,-0.0055243661804375965,-0.01675329873050739,-0.06131388917120032,-0.050077101483457655,-0.12337225852058094
299,0,0.12,-0.006348188893197647,-0.004877267569237357,-0.07135761852341692,0.023932880728826614,-0.0016838997930296456,0.03596837635081638,0.10201657203405344,-0.053468852678039205,-0.06759615608349014,-0.15087751223995166
